ファイル,ASIN,商品名,検証状態,代替,確認用URL,掲載箇所数,種別,Amazon上の実際の商品名,在庫,検証メモ,検証日,検証方法
uvb-light-best10.html,B0002AQDJK,ズーメッド パワーサン UV 100W（水銀灯一体型）,CAUTION,,https://www.amazon.co.jp/dp/B0002AQDJK/,1,data-asin（JSで/dp/へ展開）,ZOOMED パワーサンUV 100W（水銀灯一体型）,在庫切れ,2026-09-08 是正済み。誤って併用していたアーケディア枠は B084ZLQG81 へ差し替え、本ASINは「ズーメッド パワーサン UV 100W」枠のみで正しく使用。ただし現在は在庫切れ表示,2026-09-08,WebSearch（Amazon商品ページの検索インデックス照合）。商品ページへの直接アクセスはネットワークegress制限によりBLOCKED
water-filter-best10.html,B000BQ599A,オートワンタッチフィルター AT-20（外掛け式・小型）,OK,,https://www.amazon.co.jp/dp/B000BQ599A/,1,data-asin（JSで/dp/へ展開）,テトラ オートワンタッチフィルター AT-20,,一致,2026-09-08,WebSearch（Amazon商品ページの検索インデックス照合）。商品ページへの直接アクセスはネットワークegress制限によりBLOCKED
data/products.js,B000N5O6WA,Zoo Med レプティセーフ 水質調整剤（電解質配合）,OK,,https://www.amazon.co.jp/dp/B000N5O6WA/,1,products.js（JSデータ） / products.js（affiliateUrl 等の直リンク）,Zoo Med レプティセーフ 水質調整剤 4.25oz,,2026-09-08 修正済み。「エレクトロライト（電解質補給）」→「Zoo Med レプティセーフ 水質調整剤（電解質配合）」。直接投与と読める説明も水に加える使い方へ是正,2026-09-08,WebSearch（allowed_domains=amazon.co.jp に絞りASINで検索。商品ページURLとタイトルを照合）
data/products.js,B000NGQZU0,テトラ レプトフィルター 10i,CAUTION,,https://www.amazon.co.jp/dp/B000NGQZU0/,1,products.js（JSデータ） / products.js（affiliateUrl 等の直リンク）,テトラ レプトフィルター インタンクフィルター 10i,在庫切れ,商品名は一致。現在購入不可,2026-09-08,WebSearch（Amazon商品ページの検索インデックス照合）。商品ページへの直接アクセスはネットワークegress制限によりBLOCKED
food-best10.html,B000V2AE58,テトラ レプトミン スーパー（高タンパク強化版）,OK,,https://www.amazon.co.jp/dp/B000V2AE58/,1,data-asin（JSで/dp/へ展開）,テトラ レプトミン スーパー 170g,,一致（サイト表記に内容量なし）,2026-09-08,WebSearch（allowed_domains=amazon.co.jp に絞りASINで検索。商品ページURLとタイトルを照合）
data/products.js | guide-beginner.html | shindan/equipment.js | species/pink-bellied-template.html | water-filter-best10.html,B0012UO6Q6,テトラ オートワンタッチフィルター AT-50,OK,,https://www.amazon.co.jp/dp/B0012UO6Q6/,5,HTML内の直リンク / data-asin（JSで/dp/へ展開） / equipment.js（診断結果の推奨機材） / products.js（JSデータ） / products.js（affiliateUrl 等の直リンク）,テトラ オートワンタッチフィルター AT-50,,products.js の表記と一致,2026-09-08,WebSearch（Amazon商品ページの検索インデックス照合）。商品ページへの直接アクセスはネットワークegress制限によりBLOCKED
water-filter-best10.html,B0012USSE2,オートワンタッチフィルター AT-30（外掛け式）,OK,,https://www.amazon.co.jp/dp/B0012USSE2/,1,data-asin（JSで/dp/へ展開）,テトラ オートワンタッチフィルター AT-30,,一致,2026-09-08,WebSearch（Amazon商品ページの検索インデックス照合）。商品ページへの直接アクセスはネットワークegress制限によりBLOCKED
cage-best10.html,B001BDE6HS,トロ舟 #40（コスパ屋外飼育容器）,CAUTION,,https://www.amazon.co.jp/dp/B001BDE6HS/,1,data-asin（JSで/dp/へ展開）,リス プラ舟 40（R40）,在庫切れ,「トロ舟 #40」と実質同一。現在購入不可,2026-09-08,WebSearch（Amazon商品ページの検索インデックス照合）。商品ページへの直接アクセスはネットワークegress制限によりBLOCKED
data/products.js,B001OVBEEK,Zoo Med レプティヒートケーブル 25W,OK,,https://www.amazon.co.jp/dp/B001OVBEEK/,1,products.js（JSデータ） / products.js（affiliateUrl 等の直リンク）,ZOOMED レプティヒートケーブル 25W 4.5m,,一致,2026-09-08,WebSearch（Amazon商品ページの検索インデックス照合）。商品ページへの直接アクセスはネットワークegress制限によりBLOCKED
water-filter-best10.html,B001WAVT4S,テトラ ブリラントフィルター（スポンジ式）,OK,,https://www.amazon.co.jp/dp/B001WAVT4S/,1,data-asin（JSで/dp/へ展開）,テトラ ブリラントフィルター,在庫切れ,2026-09-08 修正済み。ブランドを「スドー」→「テトラ」に是正（在庫切れは継続）,2026-09-08,WebSearch（Amazon商品ページの検索インデックス照合）。商品ページへの直接アクセスはネットワークegress制限によりBLOCKED
water-filter-best10.html,B0027QM5JO,水作エイト M（投げ込み式）,OK,,https://www.amazon.co.jp/dp/B0027QM5JO/,1,data-asin（JSで/dp/へ展開）,水作 エイト M,,一致,2026-09-08,WebSearch（Amazon商品ページの検索インデックス照合）。商品ページへの直接アクセスはネットワークegress制限によりBLOCKED
water-filter-best10.html,B002JIEPMU,テトラ オートワンタッチフィルター AT-75W（外掛け・大型）,OK,,https://www.amazon.co.jp/dp/B002JIEPMU/,1,data-asin（JSで/dp/へ展開）,テトラ オートワンタッチフィルター AT-75W,,一致,2026-09-08,WebSearch（Amazon商品ページの検索インデックス照合）。商品ページへの直接アクセスはネットワークegress制限によりBLOCKED
cage-best10.html,B002NEZMIG,クリスタルキューブ 300（小型キューブ水槽）,OK,,https://www.amazon.co.jp/dp/B002NEZMIG/,1,data-asin（JSで/dp/へ展開）,寿工芸 コトブキ クリスタルキューブ300,,一致,2026-09-08,WebSearch（Amazon商品ページの検索インデックス照合）。商品ページへの直接アクセスはネットワークegress制限によりBLOCKED
data/products.js | water-filter-best10.html,B002OCNJXM,EHEIM クラシック 2215 外部フィルター,OK,,https://www.amazon.co.jp/dp/B002OCNJXM/,2,data-asin（JSで/dp/へ展開） / products.js（JSデータ） / products.js（affiliateUrl 等の直リンク）,エーハイム クラシックフィルター 2215 ろ材セット,,一致,2026-09-08,WebSearch（Amazon商品ページの検索インデックス照合）。商品ページへの直接アクセスはネットワークegress制限によりBLOCKED
data/products.js | water-filter-best10.html | water-filter-review.html,B002S152LG,EHEIM クラシック 2213 外部フィルター,OK,,https://www.amazon.co.jp/dp/B002S152LG/,3,HTML内の直リンク / data-asin（JSで/dp/へ展開） / products.js（JSデータ） / products.js（affiliateUrl 等の直リンク）,エーハイム クラシックフィルター 2213 ろ材付きセット,,一致,2026-09-08,WebSearch（Amazon商品ページの検索インデックス照合）。商品ページへの直接アクセスはネットワークegress制限によりBLOCKED
water-filter-best10.html,B002S1ROSU,エーハイム クラシック 2211（外部式・小型）,OK,,https://www.amazon.co.jp/dp/B002S1ROSU/,1,data-asin（JSで/dp/へ展開）,エーハイム クラシックフィルター 2211（50/60Hz共通）,,一致,2026-09-08,WebSearch（Amazon商品ページの検索インデックス照合）。商品ページへの直接アクセスはネットワークegress制限によりBLOCKED
data/products.js,B002SGX79U,EHEIM クラシック 2217,CAUTION,,https://www.amazon.co.jp/dp/B002SGX79U/,1,products.js（JSデータ） / products.js（affiliateUrl 等の直リンク）,エーハイム クラシックフィルター 2217-NEW（50Hz 東日本仕様）,,商品名は一致。ただし50Hz東日本専用品。西日本(60Hz)の読者には不適合,2026-09-08,WebSearch（Amazon商品ページの検索インデックス照合）。商品ページへの直接アクセスはネットワークegress制限によりBLOCKED
data/products.js,B003A2JS76,外掛け式フィルター,CAUTION,,https://www.amazon.co.jp/dp/B003A2JS76/,1,products.js（JSデータ） / products.js（affiliateUrl 等の直リンク）,GEX 簡単ラクラクパワーフィルター M（45cm以下用）,,サイト表記「外掛け式フィルター」は汎用名で商品を特定できない,2026-09-08,WebSearch（Amazon商品ページの検索インデックス照合）。商品ページへの直接アクセスはネットワークegress制限によりBLOCKED
data/products.js,B0042L2I58,赤外線バスキングランプ 75W,OK,,https://www.amazon.co.jp/dp/B0042L2I58/,1,products.js（JSデータ） / products.js（affiliateUrl 等の直リンク）,GEX EXOTERRA ヒートグロー赤外線照射スポットランプ 75W PT2142,,一致,2026-09-08,WebSearch（Amazon商品ページの検索インデックス照合）。商品ページへの直接アクセスはネットワークegress制限によりBLOCKED
water-filter-best10.html,B0043AV14W,GEX コーナーパワーフィルター2（水中式）,CAUTION,,https://www.amazon.co.jp/dp/B0043AV14W/,1,data-asin（JSで/dp/へ展開）,GEX コーナーパワーフィルター2,,サイト表記「F2」は型番誤り（正しくは「2」）,2026-09-08,WebSearch（Amazon商品ページの検索インデックス照合）。商品ページへの直接アクセスはネットワークegress制限によりBLOCKED
data/products.js | guide-beginner.html | shindan/equipment.js,B0043AYZL8,GEX EXOTERRA サングロータイトビーム バスキングスポットランプ 100W,OK,,https://www.amazon.co.jp/dp/B0043AYZL8/,3,HTML内の直リンク / equipment.js（診断結果の推奨機材） / products.js（JSデータ） / products.js（affiliateUrl 等の直リンク）,GEX EXOTERRA サングロータイトビーム バスキングスポットランプ 100W,,一致,2026-09-08,WebSearch（allowed_domains=amazon.co.jp に絞りASINで検索。商品ページURLとタイトルを照合）
data/products.js | shindan/equipment.js | species/hermann-dry-template.html | species/pink-bellied-template.html,B0043B0AU2,マルカン バスキングライト 50W BL-50,OK,,https://www.amazon.co.jp/dp/B0043B0AU2/,4,HTML内の直リンク / equipment.js（診断結果の推奨機材） / products.js（JSデータ） / products.js（affiliateUrl 等の直リンク）,マルカン バスキングライト 50W,,一致,2026-09-08,WebSearch（Amazon商品ページの検索インデックス照合）。商品ページへの直接アクセスはネットワークegress制限によりBLOCKED
data/products.js,B0043B0EAI,GEX エキゾテラ サングロータイトビーム バスキングスポットランプ 50W,OK,,https://www.amazon.co.jp/dp/B0043B0EAI/,1,products.js（JSデータ） / products.js（affiliateUrl 等の直リンク）,GEX EXOTERRA サングロータイトビーム バスキングスポットランプ 50W PT2135,,2026-09-08 修正済み。商品名を「サングロータイトビーム 50W」、価格帯を実勢へ是正（旧「ハロゲンバスキング 35W」）,2026-09-08,WebSearch（Amazon商品ページの検索インデックス照合）。商品ページへの直接アクセスはネットワークegress制限によりBLOCKED
shindan/equipment.js | species/three-toed-box-template.html,B0043B2AJQ,マルカン バスキングライト 30W,OK,,https://www.amazon.co.jp/dp/B0043B2AJQ/,2,HTML内の直リンク / equipment.js（診断結果の推奨機材）,マルカン ミニマルランド バスキングライト 30W,,マルカンのブランドライン名。実質一致,2026-09-08,WebSearch（Amazon商品ページの検索インデックス照合）。商品ページへの直接アクセスはネットワークegress制限によりBLOCKED
data/products.js,B0043B3ZJ0,GEX EXOTERRA サングロー バスキングスポットランプ 50W,OK,,https://www.amazon.co.jp/dp/B0043B3ZJ0/,1,products.js（JSデータ） / products.js（affiliateUrl 等の直リンク）,GEX EXOTERRA サングロー バスキングスポットランプ 50W PT2131,,一致,2026-09-08,WebSearch（allowed_domains=amazon.co.jp に絞りASINで検索。商品ページURLとタイトルを照合）
data/products.js,B0043UN3X4,キョーリン ひかりクレスト タートル 250g,OK,,https://www.amazon.co.jp/dp/B0043UN3X4/,1,products.js（JSデータ） / products.js（affiliateUrl 等の直リンク）,ヒカリ ひかりクレスト タートル 250g,,2026-09-08 修正済み。「ひかりウーパールーパー」→「ひかりクレスト タートル 250g」,2026-09-08,WebSearch（Amazon商品ページの検索インデックス照合）。商品ページへの直接アクセスはネットワークegress制限によりBLOCKED
guide-brackish.html,B004EI24C6,テトラ マリンソルトプロ 200L用,OK,,https://www.amazon.co.jp/dp/B004EI24C6/,1,HTML内の直リンク,テトラ マリンソルトプロ 200L用 6.8kg,,guide-brackish.html の「200L用」表記と一致,2026-09-08,WebSearch（Amazon商品ページの検索インデックス照合）。商品ページへの直接アクセスはネットワークegress制限によりBLOCKED
guide-brackish.html,B004EI50PY,テトラ マリンソルトプロ 100L用,OK,,https://www.amazon.co.jp/dp/B004EI50PY/,1,HTML内の直リンク,テトラ マリンソルトプロ 100L用,,「100L用」表記と一致,2026-09-08,WebSearch（Amazon商品ページの検索インデックス照合）。商品ページへの直接アクセスはネットワークegress制限によりBLOCKED
water-filter-best10.html,B004EI8ZNS,テトラ バリューEX 60（外掛け式・60cm向け）,OK,,https://www.amazon.co.jp/dp/B004EI8ZNS/,1,data-asin（JSで/dp/へ展開）,テトラ バリューEXフィルター VX-60,,一致（正式型番は VX-60）,2026-09-08,WebSearch（Amazon商品ページの検索インデックス照合）。商品ページへの直接アクセスはネットワークegress制限によりBLOCKED
guide-brackish.html,B004EI90O6,テトラ マリンソルトプロ 800L用（未検証）,OK,,https://www.amazon.co.jp/dp/B004EI90O6/,1,HTML内の直リンク,テトラ マリンソルトプロ 800L用（200L用×4袋）,,一致,2026-09-08,WebSearch（allowed_domains=amazon.co.jp に絞りASINで検索。商品ページURLとタイトルを照合）
data/products.js,B004EIAQMG,テトラ ハイドロメーター（比重計）,OK,,https://www.amazon.co.jp/dp/B004EIAQMG/,1,products.js（JSデータ） / products.js（affiliateUrl 等の直リンク）,テトラ ハイドロメーター（海水水槽用比重計）,,一致,2026-09-08,WebSearch（Amazon商品ページの検索インデックス照合）。商品ページへの直接アクセスはネットワークegress制限によりBLOCKED
water-filter-best10.html,B004EIASU6,ツインブリラントフィルター（スポンジ式）,OK,,https://www.amazon.co.jp/dp/B004EIASU6/,1,data-asin（JSで/dp/へ展開）,テトラ ツインブリラントフィルター,,一致（ブランドはテトラ）,2026-09-08,WebSearch（Amazon商品ページの検索インデックス照合）。商品ページへの直接アクセスはネットワークegress制限によりBLOCKED
data/products.js | water-filter-best10.html,B004FZ99HG,GEX メガパワー 6090 外部フィルター,OK,,https://www.amazon.co.jp/dp/B004FZ99HG/,2,data-asin（JSで/dp/へ展開） / products.js（JSデータ） / products.js（affiliateUrl 等の直リンク）,GEX メガパワー 6090（外部式・60〜160L）,,一致,2026-09-08,WebSearch（Amazon商品ページの検索インデックス照合）。商品ページへの直接アクセスはネットワークegress制限によりBLOCKED
water-filter-best10.html,B004GK68HE,GEX メガパワー 2045（外部式・中型）,OK,,https://www.amazon.co.jp/dp/B004GK68HE/,1,data-asin（JSで/dp/へ展開）,GEX メガパワー 2045（20〜45cm用）,,一致,2026-09-08,WebSearch（Amazon商品ページの検索インデックス照合）。商品ページへの直接アクセスはネットワークegress制限によりBLOCKED
data/products.js,B004HH8HDY,コトブキ工芸 アクアリスト KC-1200LT 120cm ガラス水槽,OK,,https://www.amazon.co.jp/dp/B004HH8HDY/,1,products.js（JSデータ） / products.js（affiliateUrl 等の直リンク）,寿工芸 アクアリスト KC-1200LT 120×45×45cm,,一致,2026-09-08,WebSearch（Amazon商品ページの検索インデックス照合）。商品ページへの直接アクセスはネットワークegress制限によりBLOCKED
dish-best10.html,B004HT2ZTO,ウォーターディッシュ M PT2802（岩型・中）,OK,,https://www.amazon.co.jp/dp/B004HT2ZTO/,1,data-asin（JSで/dp/へ展開）,GEX エキゾテラ ウォーターディッシュ M PT2802,,一致,2026-09-08,WebSearch（Amazon商品ページの検索インデックス照合）。商品ページへの直接アクセスはネットワークegress制限によりBLOCKED
cage-review.html,B004HXU0OM,GEX エキゾテラ グラステラリウム 3030,OK,,https://www.amazon.co.jp/dp/B004HXU0OM/,1,HTML内の直リンク,GEX エキゾテラ グラステラリウム 3030 PT2600,,一致,2026-09-08,WebSearch（Amazon商品ページの検索インデックス照合）。商品ページへの直接アクセスはネットワークegress制限によりBLOCKED
cage-best10.html,B004HXXKLM,グラステラリウム 6045（前面ドア・中大型）,OK,,https://www.amazon.co.jp/dp/B004HXXKLM/,1,data-asin（JSで/dp/へ展開）,GEX エキゾテラ グラステラリウム 6045 PT2610,,一致,2026-09-08,WebSearch（Amazon商品ページの検索インデックス照合）。商品ページへの直接アクセスはネットワークegress制限によりBLOCKED
data/products.js,B004IGXYX2,みどり商会 ピタリ適温プラス 3号,OK,,https://www.amazon.co.jp/dp/B004IGXYX2/,1,products.js（JSデータ） / products.js（affiliateUrl 等の直リンク）,みどり商会 ピタリ適温プラス 3号,,一致,2026-09-08,WebSearch（Amazon商品ページの検索インデックス照合）。商品ページへの直接アクセスはネットワークegress制限によりBLOCKED
data/products.js,B004IH1VOK,みどり商会 ピタリ適温プラス 1号,OK,,https://www.amazon.co.jp/dp/B004IH1VOK/,1,products.js（JSデータ） / products.js（affiliateUrl 等の直リンク）,みどり商会 ピタリ適温プラス 1号,,一致,2026-09-08,WebSearch（Amazon商品ページの検索インデックス照合）。商品ページへの直接アクセスはネットワークegress制限によりBLOCKED
data/products.js,B004IH1VRC,みどり商会 ピタリ適温プラス 2号,OK,,https://www.amazon.co.jp/dp/B004IH1VRC/,1,products.js（JSデータ） / products.js（affiliateUrl 等の直リンク）,みどり商会 ピタリ適温プラス 2号,,一致,2026-09-08,WebSearch（Amazon商品ページの検索インデックス照合）。商品ページへの直接アクセスはネットワークegress制限によりBLOCKED
cage-best10.html | data/products.js,B004J2G6XK,コトブキ工芸 KC-ワイド900 水槽,OK,,https://www.amazon.co.jp/dp/B004J2G6XK/,2,data-asin（JSで/dp/へ展開） / products.js（JSデータ） / products.js（affiliateUrl 等の直リンク）,寿工芸 KC-ワイド900 ブラック,,一致,2026-09-08,WebSearch（Amazon商品ページの検索インデックス照合）。商品ページへの直接アクセスはネットワークegress制限によりBLOCKED
shelter-best10.html,B004KUYSH2,GEX エキゾテラ レプタイルケイブ S（岩型・小）,OK,,https://www.amazon.co.jp/dp/B004KUYSH2/,1,data-asin（JSで/dp/へ展開）,GEX EXOTERRA レプタイルケイブ S PT2851,,一致,2026-09-08,WebSearch（Amazon商品ページの検索インデックス照合）。商品ページへの直接アクセスはネットワークegress制限によりBLOCKED
data/products.js,B004LE7HWK,GEX EXOTERRA サングロー バスキングスポットランプ 75W,OK,,https://www.amazon.co.jp/dp/B004LE7HWK/,1,products.js（JSデータ） / products.js（affiliateUrl 等の直リンク）,GEX EXOTERRA サングロー バスキングスポットランプ 75W PT2132,,一致,2026-09-08,WebSearch（Amazon商品ページの検索インデックス照合）。商品ページへの直接アクセスはネットワークegress制限によりBLOCKED
uvb-light-best10.html,B004LODIDM,レプティサン 10.0 UVB 26W,OK,,https://www.amazon.co.jp/dp/B004LODIDM/,1,data-asin（JSで/dp/へ展開）,ズーメッド レプティサン 10.0 UVB 26W,,一致,2026-09-08,WebSearch（Amazon商品ページの検索インデックス照合）。商品ページへの直接アクセスはネットワークegress制限によりBLOCKED
water-filter-best10.html,B004MGNCSK,ロカボーイ コンパクト（投げ込み式）,OK,,https://www.amazon.co.jp/dp/B004MGNCSK/,1,data-asin（JSで/dp/へ展開）,GEX ロカボーイ コンパクト,,一致,2026-09-08,WebSearch（Amazon商品ページの検索インデックス照合）。商品ページへの直接アクセスはネットワークegress制限によりBLOCKED
data/products.js,B004OHL3QK,GEX EXOTERRA マルチビタミン 30g,OK,,https://www.amazon.co.jp/dp/B004OHL3QK/,1,products.js（JSデータ） / products.js（affiliateUrl 等の直リンク）,GEX EXOTERRA マルチビタミン 30g PT1860,,一致,2026-09-08,WebSearch（Amazon商品ページの検索インデックス照合）。商品ページへの直接アクセスはネットワークegress制限によりBLOCKED
water-filter-best10.html,B004PQKHG2,マルチベースフィルター S（底面式）,OK,,https://www.amazon.co.jp/dp/B004PQKHG2/,1,data-asin（JSで/dp/へ展開）,GEX マルチベースフィルター S（底面式）,,一致,2026-09-08,WebSearch（Amazon商品ページの検索インデックス照合）。商品ページへの直接アクセスはネットワークegress制限によりBLOCKED
data/products.js,B004PQMP44,GEX AQUA FILTER e-ROKA PF701,OK,,https://www.amazon.co.jp/dp/B004PQMP44/,1,products.js（JSデータ） / products.js（affiliateUrl 等の直リンク）,GEX AQUA FILTER e-ROKA PF701,,一致,2026-09-08,WebSearch（Amazon商品ページの検索インデックス照合）。商品ページへの直接アクセスはネットワークegress制限によりBLOCKED
shindan/equipment.js,B004WH8YBO,水作 水槽の底砂 川砂 2.4kg,CAUTION,,https://www.amazon.co.jp/dp/B004WH8YBO/,1,equipment.js（診断結果の推奨機材）,水作 水槽の底砂 川砂 2.4kg,在庫切れ,商品名は一致。現在購入不可,2026-09-08,WebSearch（Amazon商品ページの検索インデックス照合）。商品ページへの直接アクセスはネットワークegress制限によりBLOCKED
data/products.js | shindan/equipment.js | species/three-toed-box-template.html | substrate-best10.html | substrate-review.html,B005J94WEM,ジクラ 万能ヤシガラマット 細目 8L,OK,,https://www.amazon.co.jp/dp/B005J94WEM/,5,HTML内の直リンク / data-asin（JSで/dp/へ展開） / equipment.js（診断結果の推奨機材） / products.js（JSデータ） / products.js（affiliateUrl 等の直リンク）,ジクラ Zicra 爬虫類専用万能ヤシガラマット 細目 8L,,2026-09-08 修正済み。「ヤシガラ（ブリック）」→「ジクラ 万能ヤシガラマット 細目 8L」。楽天が1L商品に紐づいていたため search へ降格し再照合待ち,2026-09-08,WebSearch（allowed_domains=amazon.co.jp に絞りASINで検索。商品ページURLとタイトルを照合）
substrate-best10.html,B005J951MY,万能ヤシガラマット 粗目 6L,OK,,https://www.amazon.co.jp/dp/B005J951MY/,1,data-asin（JSで/dp/へ展開）,ジクラ Zicra アギト 爬虫類専用万能ヤシガラマット 粗目 6L,,一致,2026-09-08,WebSearch（allowed_domains=amazon.co.jp に絞りASINで検索。商品ページURLとタイトルを照合）
dish-best10.html,B005SYPZXU,ウォーターディッシュ XL PT2804（岩型・特大）,OK,,https://www.amazon.co.jp/dp/B005SYPZXU/,1,data-asin（JSで/dp/へ展開）,GEX EXOTERRA ウォーターディッシュ XL PT2804,,一致,2026-09-08,WebSearch（Amazon商品ページの検索インデックス照合）。商品ページへの直接アクセスはネットワークegress制限によりBLOCKED
substrate-best10.html,B0075LQ5EM,GEX エキゾテラ デザートサンド レッド 3kg（砂漠砂・装飾用）,OK,,https://www.amazon.co.jp/dp/B0075LQ5EM/,1,data-asin（JSで/dp/へ展開）,EXO TERRA デザートサンド レッド 3kg,,一致,2026-09-08,WebSearch（Amazon商品ページの検索インデックス照合）。商品ページへの直接アクセスはネットワークegress制限によりBLOCKED
uvb-light-best10.html,B00A8RI8TK,レプティサン 5.0 UVB 13W,OK,,https://www.amazon.co.jp/dp/B00A8RI8TK/,1,data-asin（JSで/dp/へ展開）,Zoo Med レプティサン 5.0UVB 13W FS-C5ME,,一致,2026-09-08,WebSearch（Amazon商品ページの検索インデックス照合）。商品ページへの直接アクセスはネットワークegress制限によりBLOCKED
uvb-light-best10.html,B00AQU8HAO,ズーメッド レプティサン T5 HO 10.0 24W（直管・高出力）,OK,,https://www.amazon.co.jp/dp/B00AQU8HAO/,1,data-asin（JSで/dp/へ展開）,ZOOMED レプティサン10.0UVB T5 HO ハイアウトプットリニアランプ 24W OS5-24（交換球）,,一致,2026-09-08,WebSearch（allowed_domains=amazon.co.jp に絞りASINで検索。商品ページURLとタイトルを照合）
cage-best10.html | cage-review.html,B00B34U2JQ,パンテオン ホワイト WH6045（軽量中大型ケージ）,OK,,https://www.amazon.co.jp/dp/B00B34U2JQ/,2,HTML内の直リンク / data-asin（JSで/dp/へ展開）,三晃商会 SANKO パンテオン ホワイト WH6045,,一致,2026-09-08,WebSearch（Amazon商品ページの検索インデックス照合）。商品ページへの直接アクセスはネットワークegress制限によりBLOCKED
food-best10.html,B00BBR33ZK,ビバリア リクガメフード 354g,OK,,https://www.amazon.co.jp/dp/B00BBR33ZK/,1,data-asin（JSで/dp/へ展開）,ビバリア リクガメフード 354g,,2026-09-08 修正済み。見出しのブランドを「レップカル」→「ビバリア」に是正,2026-09-08,WebSearch（Amazon商品ページの検索インデックス照合）。商品ページへの直接アクセスはネットワークegress制限によりBLOCKED
data/products.js,B00BBRG4YW,みどり商会 暖突 Lサイズ,OK,,https://www.amazon.co.jp/dp/B00BBRG4YW/,1,products.js（JSデータ） / products.js（affiliateUrl 等の直リンク）,みどり商会 暖突 Lサイズ 57W,,一致,2026-09-08,WebSearch（Amazon商品ページの検索インデックス照合）。商品ページへの直接アクセスはネットワークegress制限によりBLOCKED
data/products.js | uvb-light-best10.html,B00BF91PYA,GEX EXOTERRA レプタイルUVB150 26W,OK,,https://www.amazon.co.jp/dp/B00BF91PYA/,2,data-asin（JSで/dp/へ展開） / products.js（JSデータ） / products.js（affiliateUrl 等の直リンク）,GEX エキゾテラ レプタイルUVB150 26W PT2189,,一致,2026-09-08,WebSearch（Amazon商品ページの検索インデックス照合）。商品ページへの直接アクセスはネットワークegress制限によりBLOCKED
cage-best10.html,B00BF91PYK,GEX エキゾテラ グラステラリウム 4530（ヤマガメ・小型種向け）,OK,,https://www.amazon.co.jp/dp/B00BF91PYK/,1,data-asin（JSで/dp/へ展開）,GEX エキゾテラ グラステラリウム 4530,,一致,2026-09-08,WebSearch（Amazon商品ページの検索インデックス照合）。商品ページへの直接アクセスはネットワークegress制限によりBLOCKED
data/products.js | uvb-light-best10.html,B00BF91Q1W,GEX EXOTERRA レプタイルUVB100 26W,OK,,https://www.amazon.co.jp/dp/B00BF91Q1W/,2,data-asin（JSで/dp/へ展開） / products.js（JSデータ） / products.js（affiliateUrl 等の直リンク）,GEX EXOTERRA レプタイルUVB100 26W PT2187,,一致,2026-09-08,WebSearch（allowed_domains=amazon.co.jp に絞りASINで検索。商品ページURLとタイトルを照合）
cage-review.html,B00BF91SQK,GEX エキゾテラ グラステラリウム 6030,OK,,https://www.amazon.co.jp/dp/B00BF91SQK/,1,HTML内の直リンク,GEX エキゾテラ グラステラリウム 6030 PT2604,,実在。サイト側のリンク文言は商品名を示していない,2026-09-08,WebSearch（Amazon商品ページの検索インデックス照合）。商品ページへの直接アクセスはネットワークegress制限によりBLOCKED
cage-review.html | data/products.js,B00BF91SU6,GEX EXOTERRA グラステラリウム 9030（ガラス製）,OK,,https://www.amazon.co.jp/dp/B00BF91SU6/,2,HTML内の直リンク / products.js（JSデータ） / products.js（affiliateUrl 等の直リンク）,GEX EXOTERRA グラステラリウム 9030 PT2611（91.5×46.5×33cm）,,一致,2026-09-08,WebSearch（Amazon商品ページの検索インデックス照合）。商品ページへの直接アクセスはネットワークegress制限によりBLOCKED
dish-best10.html,B00BF91T00,ウォーターディッシュ XS PT2809（岩型・極小）,OK,,https://www.amazon.co.jp/dp/B00BF91T00/,1,data-asin（JSで/dp/へ展開）,GEX EXOTERRA ウォーターディッシュ XS（W6×D5.5×H3cm）,,一致,2026-09-08,WebSearch（allowed_domains=amazon.co.jp に絞りASINで検索。商品ページURLとタイトルを照合）
data/products.js,B00BJQ50HC,Fluval FX6 外部フィルター,CAUTION,,https://www.amazon.co.jp/dp/B00BJQ50HC/,1,products.js（JSデータ） / products.js（affiliateUrl 等の直リンク）,Fluval FX6 キャニスターフィルター（400ガロン用）,"¥127,143",商品は一致するが国内価格が極端に高い（並行輸入品）。はじめての方向けに出す価格帯ではない,2026-09-08,WebSearch（Amazon商品ページの検索インデックス照合）。商品ページへの直接アクセスはネットワークegress制限によりBLOCKED
data/products.js,B00BKULMIS,サーモスタット（アナログ）,CAUTION,,https://www.amazon.co.jp/dp/B00BKULMIS/,1,products.js（JSデータ） / products.js（affiliateUrl 等の直リンク）,ニッソー シーパレックス600（電子式サーモスタット）,,サイト表記「サーモスタット（アナログ）」は商品を特定できず、方式表記も実態と異なる,2026-09-08,WebSearch（Amazon商品ページの検索インデックス照合）。商品ページへの直接アクセスはネットワークegress制限によりBLOCKED
cage-best10.html,B00CB8KY78,グラステラリウム 6030（前面ドア・標準）,CAUTION,,https://www.amazon.co.jp/dp/B00CB8KY78/,1,data-asin（JSで/dp/へ展開）,GEX エキゾテラ グラステラリウム 6030,,実在・一致。ただし B00BF91SQK も同じ6030で、同一製品に2つのASINを併用している,2026-09-08,WebSearch（Amazon商品ページの検索インデックス照合）。商品ページへの直接アクセスはネットワークegress制限によりBLOCKED
dish-best10.html,B00CBXJYBA,ウォーターディッシュ S PT2801（岩型・小）,OK,,https://www.amazon.co.jp/dp/B00CBXJYBA/,1,data-asin（JSで/dp/へ展開）,GEX エキゾテラ ウォーターディッシュ S,,一致,2026-09-08,WebSearch（Amazon商品ページの検索インデックス照合）。商品ページへの直接アクセスはネットワークegress制限によりBLOCKED
substrate-best10.html,B00CBXJZF0,ピュアソイル ブラック 2kg,OK,,https://www.amazon.co.jp/dp/B00CBXJZF0/,1,data-asin（JSで/dp/へ展開）,GEX ピュアソイル ブラック 2kg,,一致,2026-09-08,WebSearch（Amazon商品ページの検索インデックス照合）。商品ページへの直接アクセスはネットワークegress制限によりBLOCKED
data/products.js,B00CX9G5DM,GEX エキゾテラ アナログ温度計 PT2465,OK,,https://www.amazon.co.jp/dp/B00CX9G5DM/,1,products.js（JSデータ） / products.js（affiliateUrl 等の直リンク）,GEX エキゾテラ アナログ温度計 PT2465,,2026-09-08 修正済み。「アナログ温湿度計」→「アナログ温度計 PT2465」。楽天の誤マッチも降格し再照合待ち,2026-09-08,WebSearch（Amazon商品ページの検索インデックス照合）。商品ページへの直接アクセスはネットワークegress制限によりBLOCKED
dish-best10.html,B00D1FXI2I,スドー 岩石皿 S（天然石調エサ皿）,OK,,https://www.amazon.co.jp/dp/B00D1FXI2I/,1,data-asin（JSで/dp/へ展開）,EXO TERRA フィーディングディッシュ S PT2811,,一致,2026-09-08,WebSearch（Amazon商品ページの検索インデックス照合）。商品ページへの直接アクセスはネットワークegress制限によりBLOCKED
cage-best10.html | data/products.js,B00E0GLJAK,GEX EXOTERRA グラステラリウム 4545,OK,,https://www.amazon.co.jp/dp/B00E0GLJAK/,2,data-asin（JSで/dp/へ展開） / products.js（JSデータ） / products.js（affiliateUrl 等の直リンク）,GEX EXOTERRA グラステラリウム 4545 PT2605,,一致,2026-09-08,WebSearch（Amazon商品ページの検索インデックス照合）。商品ページへの直接アクセスはネットワークegress制限によりBLOCKED
cage-best10.html,B00E0GLLKI,グラステラリウム 9045（前面ドア・大型）,CAUTION,,https://www.amazon.co.jp/dp/B00E0GLLKI/,1,data-asin（JSで/dp/へ展開）,GEX EXOTERRA グラステラリウム 9045 PT2613,納期1〜2ヶ月,商品名は一致。入荷まで1〜2ヶ月かかる表示,2026-09-08,WebSearch（Amazon商品ページの検索インデックス照合）。商品ページへの直接アクセスはネットワークegress制限によりBLOCKED
data/products.js,B00E0GLQPI,GEX EXOTERRA サングロー バスキングスポットランプ 150W,OK,,https://www.amazon.co.jp/dp/B00E0GLQPI/,1,products.js（JSデータ） / products.js（affiliateUrl 等の直リンク）,GEX EXOTERRA サングロー バスキングスポットランプ 150W PT2134,,一致,2026-09-08,WebSearch（allowed_domains=amazon.co.jp に絞りASINで検索。商品ページURLとタイトルを照合）
dish-best10.html,B00E0GLY96,ウォーターディッシュ L PT2803（岩型・大）,OK,,https://www.amazon.co.jp/dp/B00E0GLY96/,1,data-asin（JSで/dp/へ展開）,GEX EXOTERRA ウォーターディッシュ L PT2803,,一致,2026-09-08,WebSearch（Amazon商品ページの検索インデックス照合）。商品ページへの直接アクセスはネットワークegress制限によりBLOCKED
shelter-best10.html,B00E0GM8JG,GEX エキゾテラ レプタイルケイブ M（岩型・中）,OK,,https://www.amazon.co.jp/dp/B00E0GM8JG/,1,data-asin（JSで/dp/へ展開）,GEX EXOTERRA レプタイルケイブ M PT2852,,一致,2026-09-08,WebSearch（Amazon商品ページの検索インデックス照合）。商品ページへの直接アクセスはネットワークegress制限によりBLOCKED
water-filter-best10.html,B00E0GMHEM,タートルフィルター［PRO］L2（水中式・大型）,CAUTION,,https://www.amazon.co.jp/dp/B00E0GMHEM/,1,data-asin（JSで/dp/へ展開）,水作 タートルフィルター L-2,,サイト表記「タートルフィルター［PRO］L2」の「PRO」は正式名称に含まれない,2026-09-08,WebSearch（Amazon商品ページの検索インデックス照合）。商品ページへの直接アクセスはネットワークegress制限によりBLOCKED
data/products.js | guide-beginner.html | shindan/equipment.js | species/pink-bellied-template.html | species/three-toed-box-template.html,B00E0GMQAM,カメプロス（キョーリン）,OK,,https://www.amazon.co.jp/dp/B00E0GMQAM/,5,HTML内の直リンク / equipment.js（診断結果の推奨機材） / products.js（JSデータ） / products.js（affiliateUrl 等の直リンク）,キョーリン ひかり カメプロス 200g,,一致,2026-09-08,WebSearch（Amazon商品ページの検索インデックス照合）。商品ページへの直接アクセスはネットワークegress制限によりBLOCKED
data/products.js,B00FJDV6QU,Repashy Veggie Burger 170g,OK,,https://www.amazon.co.jp/dp/B00FJDV6QU/,1,products.js（JSデータ） / products.js（affiliateUrl 等の直リンク）,レパシー REPASHY ベジバーガー 170g,,一致,2026-09-08,WebSearch（Amazon商品ページの検索インデックス照合）。商品ページへの直接アクセスはネットワークegress制限によりBLOCKED
data/products.js,B00GN5RFWM,ニッソー プロテクトPROヒーター 200W,OK,,https://www.amazon.co.jp/dp/B00GN5RFWM/,1,products.js（JSデータ） / products.js（affiliateUrl 等の直リンク）,ニッソー プロテクトPROヒーター 200W,,一致,2026-09-08,WebSearch（Amazon商品ページの検索インデックス照合）。商品ページへの直接アクセスはネットワークegress制限によりBLOCKED
shindan/equipment.js | species/hermann-dry-template.html | substrate-best10.html,B00I0MM9MC,あかぎ園芸 赤玉土 小粒 20L,OK,,https://www.amazon.co.jp/dp/B00I0MM9MC/,3,HTML内の直リンク / data-asin（JSで/dp/へ展開） / equipment.js（診断結果の推奨機材）,あかぎ園芸 赤玉土 小粒 20L,,実在。サイト側のリンク文言が商品名を示していない,2026-09-08,WebSearch（Amazon商品ページの検索インデックス照合）。商品ページへの直接アクセスはネットワークegress制限によりBLOCKED
cage-best10.html,B00IICNLSU,パンテオン WH6030（コンパクト入門ケージ）,OK,,https://www.amazon.co.jp/dp/B00IICNLSU/,1,data-asin（JSで/dp/へ展開）,三晃商会 SANKO パンテオン ホワイト WH6030,,一致,2026-09-08,WebSearch（Amazon商品ページの検索インデックス照合）。商品ページへの直接アクセスはネットワークegress制限によりBLOCKED
data/products.js,B00JGLKPFE,GEX EXOTERRA タイマーサーモ RTT-1,OK,,https://www.amazon.co.jp/dp/B00JGLKPFE/,1,products.js（JSデータ） / products.js（affiliateUrl 等の直リンク）,GEX EXOTERRA タイマーサーモ RTT-1,,一致,2026-09-08,WebSearch（Amazon商品ページの検索インデックス照合）。商品ページへの直接アクセスはネットワークegress制限によりBLOCKED
data/products.js | guide-beginner.html | shindan/equipment.js | species/pink-bellied-template.html | species/three-toed-box-template.html | uvb-light-best10.html,B00JZFJ5LQ,Zoo Med ReptiSun 5.0 UVB T5,OK,,https://www.amazon.co.jp/dp/B00JZFJ5LQ/,6,HTML内の直リンク / data-asin（JSで/dp/へ展開） / equipment.js（診断結果の推奨機材） / products.js（JSデータ） / products.js（affiliateUrl 等の直リンク）,ビバリア スパイラルUVB フォレスト 26W,,一致,2026-09-08,WebSearch（Amazon商品ページの検索インデックス照合）。商品ページへの直接アクセスはネットワークegress制限によりBLOCKED
data/products.js | guide-beginner.html | shindan/equipment.js | species/_template-monetized.html | species/hermann-dry-template.html | uvb-light-best10.html,B00JZFJ5R0,Zoo Med ReptiSun 10.0 UVB T5,OK,,https://www.amazon.co.jp/dp/B00JZFJ5R0/,6,HTML内の直リンク / data-asin（JSで/dp/へ展開） / equipment.js（診断結果の推奨機材） / products.js（JSデータ） / products.js（affiliateUrl 等の直リンク）,ビバリア スパイラルUVB デザート 26W,,一致,2026-09-08,WebSearch（Amazon商品ページの検索インデックス照合）。商品ページへの直接アクセスはネットワークegress制限によりBLOCKED
cage-best10.html | cage-review.html,B00M2P5DIK,パンテオン WH9045（大型リクガメ定番）,OK,,https://www.amazon.co.jp/dp/B00M2P5DIK/,2,HTML内の直リンク / data-asin（JSで/dp/へ展開）,三晃商会 SANKO パンテオン ホワイト WH9045,,一致,2026-09-08,WebSearch（Amazon商品ページの検索インデックス照合）。商品ページへの直接アクセスはネットワークegress制限によりBLOCKED
cage-best10.html,B00N3MZ88G,トロ舟 #60（中型屋外容器）,OK,,https://www.amazon.co.jp/dp/B00N3MZ88G/,1,data-asin（JSで/dp/へ展開）,赤長 DIYトロ舟 ブラック 60L,,一致,2026-09-08,WebSearch（Amazon商品ページの検索インデックス照合）。商品ページへの直接アクセスはネットワークegress制限によりBLOCKED
shelter-best10.html,B00O0QM6H0,タートルバンク M（水棲ガメ用浮島）,OK,,https://www.amazon.co.jp/dp/B00O0QM6H0/,1,data-asin（JSで/dp/へ展開）,GEX EXOTERRA タートルバンク M PT3801,,一致,2026-09-08,WebSearch（Amazon商品ページの検索インデックス照合）。商品ページへの直接アクセスはネットワークegress制限によりBLOCKED
data/products.js | shelter-best10.html,B00O0QMK2Q,水棲ガメ用ドック（浮島タイプ）,OK,,https://www.amazon.co.jp/dp/B00O0QMK2Q/,2,data-asin（JSで/dp/へ展開） / products.js（JSデータ） / products.js（affiliateUrl 等の直リンク）,GEX EXOTERRA タートルバンク S PT3800,,2026-09-08 shelter-best10 の「タートルバンクS」枠へ採用（旧 B07SFCGCP1 はピタッとランドで別商品）,2026-09-08,WebSearch（Amazon商品ページの検索インデックス照合）。商品ページへの直接アクセスはネットワークegress制限によりBLOCKED
water-filter-best10.html,B00XA2MG8Y,タートルフィルタープラス S（水中式・低水位）,OK,,https://www.amazon.co.jp/dp/B00XA2MG8Y/,1,data-asin（JSで/dp/へ展開）,水作 タートルフィルタープラス Sサイズ,,一致,2026-09-08,WebSearch（Amazon商品ページの検索インデックス照合）。商品ページへの直接アクセスはネットワークegress制限によりBLOCKED
data/products.js | shindan/equipment.js,B00XVP3TPO,水作 大磯砂 2.4kg,CAUTION,,https://www.amazon.co.jp/dp/B00XVP3TPO/,2,equipment.js（診断結果の推奨機材） / products.js（JSデータ） / products.js（affiliateUrl 等の直リンク）,水作 水槽の底砂 2.4kg,在庫切れ,Amazon上の商品名は「水槽の底砂」。サイト表記「大磯砂」と表記が異なる。現在購入不可,2026-09-08,WebSearch（Amazon商品ページの検索インデックス照合）。商品ページへの直接アクセスはネットワークegress制限によりBLOCKED
data/products.js | substrate-best10.html,B016B0MXVQ,GEX EXOTERRA テラリウムソイル 4kg,OK,,https://www.amazon.co.jp/dp/B016B0MXVQ/,2,data-asin（JSで/dp/へ展開） / products.js（JSデータ） / products.js（affiliateUrl 等の直リンク）,GEX EXOTERRA テラリウムソイル 4kg,,一致,2026-09-08,WebSearch（Amazon商品ページの検索インデックス照合）。商品ページへの直接アクセスはネットワークegress制限によりBLOCKED
data/products.js,B01BXVIHRM,爬虫類用プロバイオティクス,CAUTION,,https://www.amazon.co.jp/dp/B01BXVIHRM/,1,products.js（JSデータ） / products.js（affiliateUrl 等の直リンク）,ジェックス カメ元気 プロバイオフード 180g,,サイト表記「爬虫類用プロバイオティクス」は汎用名。実体はカメ用の配合フードでサプリメントではない,2026-09-08,WebSearch（Amazon商品ページの検索インデックス照合）。商品ページへの直接アクセスはネットワークegress制限によりBLOCKED
data/products.js,B01F654UHM,Zoo Med 天然コルクバーク ラウンド M（3パック）,OK,,https://www.amazon.co.jp/dp/B01F654UHM/,1,products.js（JSデータ） / products.js（affiliateUrl 等の直リンク）,Zoo Med 天然コルクバーク ラウンド ミディアム（3パック）,,2026-09-08 修正済み。「コルクバーク（丸太）」→「Zoo Med 天然コルクバーク ラウンド M（3パック）」,2026-09-08,WebSearch（allowed_domains=amazon.co.jp に絞りASINで検索。商品ページURLとタイトルを照合）
food-best10.html,B01GTF8ZVK,カメプロスミニ 40g（小型水棲ガメ・幼体向け）,OK,,https://www.amazon.co.jp/dp/B01GTF8ZVK/,1,data-asin（JSで/dp/へ展開）,キョーリン ひかり カメプロス ミニ 40g,,一致,2026-09-08,WebSearch（Amazon商品ページの検索インデックス照合）。商品ページへの直接アクセスはネットワークegress制限によりBLOCKED
data/products.js,B01KLHZOWA,シンワ測定 デジタル温度計 73117,OK,,https://www.amazon.co.jp/dp/B01KLHZOWA/,1,products.js（JSデータ） / products.js（affiliateUrl 等の直リンク）,シンワ測定 デジタル温度計 73117,,一致,2026-09-08,WebSearch（Amazon商品ページの検索インデックス照合）。商品ページへの直接アクセスはネットワークegress制限によりBLOCKED
uvb-light-best10.html,B01M3QC51M,スパイラル ソフトUVB 26W（弱め）,OK,,https://www.amazon.co.jp/dp/B01M3QC51M/,1,data-asin（JSで/dp/へ展開）,ビバリア スパイラル ソフトUVB 26W,,一致,2026-09-08,WebSearch（Amazon商品ページの検索インデックス照合）。商品ページへの直接アクセスはネットワークegress制限によりBLOCKED
data/products.js | substrate-best10.html | substrate-review.html,B06XC8YK4Y,砂・土ミックス床材,CAUTION,,https://www.amazon.co.jp/dp/B06XC8YK4Y/,3,HTML内の直リンク / data-asin（JSで/dp/へ展開） / products.js（JSデータ） / products.js（affiliateUrl 等の直リンク）,GEX エキゾテラ デザートソイル 2kg,,サイト表記「砂・土ミックス床材」は汎用名で商品を特定できない,2026-09-08,WebSearch（Amazon商品ページの検索インデックス照合）。商品ページへの直接アクセスはネットワークegress制限によりBLOCKED
cage-review.html,B078B7V1ZJ,三晃商会 パンテオン ブラック BK9045,OK,,https://www.amazon.co.jp/dp/B078B7V1ZJ/,1,HTML内の直リンク,三晃商会 SANKO パンテオン ブラック BK9045,,一致,2026-09-08,WebSearch（allowed_domains=amazon.co.jp に絞りASINで検索。商品ページURLとタイトルを照合）
shelter-best10.html,B079L7M5RW,大和プラスチック フレグラー 壁掛 24型（土に埋めて隠れ家に）,OK,,https://www.amazon.co.jp/dp/B079L7M5RW/,1,data-asin（JSで/dp/へ展開）,大和プラスチック フレグラー 壁掛 24型 ダークブラウン,,一致,2026-09-08,WebSearch（Amazon商品ページの検索インデックス照合）。商品ページへの直接アクセスはネットワークegress制限によりBLOCKED
food-best10.html,B07B4WJYZW,カメプロス プレミアム（高品質版）,OK,,https://www.amazon.co.jp/dp/B07B4WJYZW/,1,data-asin（JSで/dp/へ展開）,キョーリン カメプロス プレミアム 70g,,一致（サイト表記に内容量なし）,2026-09-08,WebSearch（Amazon商品ページの検索インデックス照合）。商品ページへの直接アクセスはネットワークegress制限によりBLOCKED
shelter-best10.html,B07B8J9FYS,ハイドロボックス（保湿シェルター）,OK,,https://www.amazon.co.jp/dp/B07B8J9FYS/,1,data-asin（JSで/dp/へ展開）,ビバリア RP-340 ハイドロボックス（保湿シェルター）,,一致,2026-09-08,WebSearch（Amazon商品ページの検索インデックス照合）。商品ページへの直接アクセスはネットワークegress制限によりBLOCKED
substrate-best10.html,B07BBJ8G6Q,GEX エキゾテラ デザートソイル 10kg（乾燥系リクガメ）,OK,,https://www.amazon.co.jp/dp/B07BBJ8G6Q/,1,data-asin（JSで/dp/へ展開）,GEX EXOTERRA デザートソイル 10kg,,一致,2026-09-08,WebSearch（Amazon商品ページの検索インデックス照合）。商品ページへの直接アクセスはネットワークegress制限によりBLOCKED
data/products.js | uvb-light-best10.html,B07BBMVJ6H,GEX EXOTERRA ソーラーグローUV 80W,OK,,https://www.amazon.co.jp/dp/B07BBMVJ6H/,2,data-asin（JSで/dp/へ展開） / products.js（JSデータ） / products.js（affiliateUrl 等の直リンク）,GEX EXOTERRA ソーラーグローUV 80W PT2334,,一致,2026-09-08,WebSearch（Amazon商品ページの検索インデックス照合）。商品ページへの直接アクセスはネットワークegress制限によりBLOCKED
water-filter-review.html,B07CQPH6RN,エーハイム クラシックフィルター 2213 ろ材付きセット,OK,,https://www.amazon.co.jp/dp/B07CQPH6RN/,1,HTML内の直リンク,エーハイム クラシックフィルター 2213 ろ材付きセット,,2026-09-08 修正済み。「ろ材別購入」→「ろ材付きセット」に是正,2026-09-08,WebSearch（Amazon商品ページの検索インデックス照合）。商品ページへの直接アクセスはネットワークegress制限によりBLOCKED
cage-best10.html,B07DJFGVBY,コトブキ レグラスフラット F-600S（浅型水棲ガメ水槽）,OK,,https://www.amazon.co.jp/dp/B07DJFGVBY/,1,data-asin（JSで/dp/へ展開）,寿工芸 レグラスフラット F-600S LOW,,一致,2026-09-08,WebSearch（Amazon商品ページの検索インデックス照合）。商品ページへの直接アクセスはネットワークegress制限によりBLOCKED
data/products.js | shelter-best10.html,B07F3L16ZR,スドー ロックシェルターSP ML,OK,,https://www.amazon.co.jp/dp/B07F3L16ZR/,2,data-asin（JSで/dp/へ展開） / products.js（JSデータ） / products.js（affiliateUrl 等の直リンク）,スドー ロックシェルターSP ML,,一致,2026-09-08,WebSearch（Amazon商品ページの検索インデックス照合）。商品ページへの直接アクセスはネットワークegress制限によりBLOCKED
water-filter-best10.html,B07F3PG28G,水作エイト S（投込み式・小型）,CAUTION,,https://www.amazon.co.jp/dp/B07F3PG28G/,1,data-asin（JSで/dp/へ展開）,水作 エイト S 本体 5個（箱売り）,,単品ではなく5個セット。サイト表記に数量の記載がない,2026-09-08,WebSearch（Amazon商品ページの検索インデックス照合）。商品ページへの直接アクセスはネットワークegress制限によりBLOCKED
data/products.js,B07F3Q7L3Y,スドー ハープクラフト ロックシェルターSP S,OK,,https://www.amazon.co.jp/dp/B07F3Q7L3Y/,1,products.js（JSデータ） / products.js（affiliateUrl 等の直リンク）,スドー RX-191 ハープクラフト ロックシェルターSP S,,一致,2026-09-08,WebSearch（Amazon商品ページの検索インデックス照合）。商品ページへの直接アクセスはネットワークegress制限によりBLOCKED
substrate-review.html,B07F3QBSP1,GEX エキゾテラ デザートソイル 4kg,OK,,https://www.amazon.co.jp/dp/B07F3QBSP1/,1,HTML内の直リンク,GEX EXOTERRA デザートソイル 4kg,,一致,2026-09-08,WebSearch（Amazon商品ページの検索インデックス照合）。商品ページへの直接アクセスはネットワークegress制限によりBLOCKED
shelter-best10.html,B07F3RVTXP,ロックシェルターSP L2（岩型・中）,OK,,https://www.amazon.co.jp/dp/B07F3RVTXP/,1,data-asin（JSで/dp/へ展開）,スドー ハープクラフト ロックシェルターSP L2 RX-195,,一致,2026-09-08,WebSearch（Amazon商品ページの検索インデックス照合）。商品ページへの直接アクセスはネットワークegress制限によりBLOCKED
shelter-best10.html,B07F3SR326,ロックシェルターSP XL（岩型・大）,OK,,https://www.amazon.co.jp/dp/B07F3SR326/,1,data-asin（JSで/dp/へ展開）,スドー ハープクラフト ロックシェルターSP XL RX-196,,一致,2026-09-08,WebSearch（Amazon商品ページの検索インデックス照合）。商品ページへの直接アクセスはネットワークegress制限によりBLOCKED
shelter-best10.html,B07F49T8N2,ロックシェルターSP XXL（岩型・最大）,OK,,https://www.amazon.co.jp/dp/B07F49T8N2/,1,data-asin（JSで/dp/へ展開）,スドー ハープクラフト ロックシェルターSP XXL RX-197,,一致,2026-09-08,WebSearch（Amazon商品ページの検索インデックス照合）。商品ページへの直接アクセスはネットワークegress制限によりBLOCKED
uvb-light-best10.html,B07FHLTXQQ,GEX エキゾテラ ソーラーグロー UV 125W（水銀灯一体型）,OK,,https://www.amazon.co.jp/dp/B07FHLTXQQ/,1,data-asin（JSで/dp/へ展開）,GEX EXOTERRA ソーラーグローUV 125W PT2192,,一致,2026-09-08,WebSearch（Amazon商品ページの検索インデックス照合）。商品ページへの直接アクセスはネットワークegress制限によりBLOCKED
data/products.js,B07PD2PCMK,GEX カメ元気 オートヒーター SH55,OK,,https://www.amazon.co.jp/dp/B07PD2PCMK/,1,products.js（JSデータ） / products.js（affiliateUrl 等の直リンク）,GEX カメ元気 オートヒーター SH55,,一致,2026-09-08,WebSearch（Amazon商品ページの検索インデックス照合）。商品ページへの直接アクセスはネットワークegress制限によりBLOCKED
data/products.js | substrate-best10.html,B07PGZN9CF,GEX EXOTERRA フォレストバーク 8.8L,CAUTION,,https://www.amazon.co.jp/dp/B07PGZN9CF/,2,data-asin（JSで/dp/へ展開） / products.js（JSデータ） / products.js（affiliateUrl 等の直リンク）,GEX EXOTERRA フォレストバーク 8.8L PT2752,在庫切れ,商品名は一致。現在購入不可,2026-09-08,WebSearch（Amazon商品ページの検索インデックス照合）。商品ページへの直接アクセスはネットワークegress制限によりBLOCKED
cage-review.html,B07THMF6Q2,GEX エキゾテラ リクガメ飼育キットBK,OK,,https://www.amazon.co.jp/dp/B07THMF6Q2/,1,HTML内の直リンク,GEX フトアゴヒゲトカゲ・リクガメ飼育キット（W61.5×D46.5×H33cm）,,一致,2026-09-08,WebSearch（Amazon商品ページの検索インデックス照合）。商品ページへの直接アクセスはネットワークegress制限によりBLOCKED
data/products.js,B07TYN8584,デジタル温湿度計,CAUTION,,https://www.amazon.co.jp/dp/B07TYN8584/,1,products.js（JSデータ） / products.js（affiliateUrl 等の直リンク）,ThermoPro TP-49 温湿度計,,サイト表記「デジタル温湿度計」は汎用名。実体は ThermoPro TP-49（爬虫類用品ではなく一般家庭用）,2026-09-08,WebSearch（Amazon商品ページの検索インデックス照合）。商品ページへの直接アクセスはネットワークegress制限によりBLOCKED
shelter-best10.html,B07ZMC69P7,ピタッとランド L（吸盤式バスキング台）,OK,,https://www.amazon.co.jp/dp/B07ZMC69P7/,1,data-asin（JSで/dp/へ展開）,ビバリア ピタッとランド L,,一致,2026-09-08,WebSearch（Amazon商品ページの検索インデックス照合）。商品ページへの直接アクセスはネットワークegress制限によりBLOCKED
uvb-light-best10.html,B084ZLQG81,アーケディア T5 UVB 12% 39W（プロ仕様直管）,OK,,https://www.amazon.co.jp/dp/B084ZLQG81/,1,data-asin（JSで/dp/へ展開）,Arcadia ProT5 UVBキット 12%UVB 砂漠 35インチ（39W・器具＋リフレクター＋ランプ一式）,,2026-09-08 差し替え。旧 B0002AQDJK は ZOOMED パワーサンUV 100W で別商品だった,2026-09-08,WebSearch（Amazon商品ページの検索インデックス照合）。商品ページへの直接アクセスはネットワークegress制限によりBLOCKED
data/products.js,B084ZY19Q3,GEX EXOTERRA カルシウム 90g（D3なし）,OK,,https://www.amazon.co.jp/dp/B084ZY19Q3/,1,products.js（JSデータ） / products.js（affiliateUrl 等の直リンク）,GEX EXOTERRA カルシウム 90g PT1815,,一致,2026-09-08,WebSearch（Amazon商品ページの検索インデックス照合）。商品ページへの直接アクセスはネットワークegress制限によりBLOCKED
data/products.js,B0851DNPXX,GEX EXOTERRA カルシウム+ビタミンD3 90g,OK,,https://www.amazon.co.jp/dp/B0851DNPXX/,1,products.js（JSデータ） / products.js（affiliateUrl 等の直リンク）,GEX EXOTERRA カルシウム+ビタミンD3 90g PT1856,,一致,2026-09-08,WebSearch（Amazon商品ページの検索インデックス照合）。商品ページへの直接アクセスはネットワークegress制限によりBLOCKED
data/products.js,B0858Y7XJX,ゼンスイ ソラリウムセット（メタルハライドランプ＋灯具）50W,OK,,https://www.amazon.co.jp/dp/B0858Y7XJX/,1,products.js（JSデータ） / products.js（affiliateUrl 等の直リンク）,ゼンスイ ソラリウムセット（メタルハライドランプ＋灯具）50W,"¥27,640",一致,2026-09-08,WebSearch（Amazon商品ページの検索インデックス照合）。商品ページへの直接アクセスはネットワークegress制限によりBLOCKED
data/products.js,B08L9JRQ2D,コトブキ工芸 ヒュドラサーモ HT-330XD,OK,,https://www.amazon.co.jp/dp/B08L9JRQ2D/,1,products.js（JSデータ） / products.js（affiliateUrl 等の直リンク）,寿工芸 ヒュドラサーモ HT-330XD,,一致,2026-09-08,WebSearch（Amazon商品ページの検索インデックス照合）。商品ページへの直接アクセスはネットワークegress制限によりBLOCKED
data/products.js,B08W2ZKT94,モイストハイド（湿潤シェルター）,CAUTION,,https://www.amazon.co.jp/dp/B08W2ZKT94/,1,products.js（JSデータ） / products.js（affiliateUrl 等の直リンク）,GEX EXOTERRA モイストシェルター コーナー130,,サイト表記「モイストハイド」は商品名が異なる（正しくはモイストシェルター）,2026-09-08,WebSearch（Amazon商品ページの検索インデックス照合）。商品ページへの直接アクセスはネットワークegress制限によりBLOCKED
data/products.js | uvb-light-best10.html,B08W2ZMX45,UVB LED バー 60cm,OK,,https://www.amazon.co.jp/dp/B08W2ZMX45/,2,data-asin（JSで/dp/へ展開） / products.js（JSデータ） / products.js（affiliateUrl 等の直リンク）,ゼンスイ マイクロン+マイクロUV LEDセット,,一致,2026-09-08,WebSearch（Amazon商品ページの検索インデックス照合）。商品ページへの直接アクセスはネットワークegress制限によりBLOCKED
data/products.js,B08W314BWC,GEX EXOTERRA デザートベース 細目 3L,OK,,https://www.amazon.co.jp/dp/B08W314BWC/,1,products.js（JSデータ） / products.js（affiliateUrl 等の直リンク）,GEX EXOTERRA デザートベース 細目 3L,,一致,2026-09-08,WebSearch（Amazon商品ページの検索インデックス照合）。商品ページへの直接アクセスはネットワークegress制限によりBLOCKED
data/products.js | food-best10.html,B08XBQDYM2,カメの主食（GEX）,OK,,https://www.amazon.co.jp/dp/B08XBQDYM2/,2,data-asin（JSで/dp/へ展開） / products.js（JSデータ） / products.js（affiliateUrl 等の直リンク）,テトラ レプトミン スーパー 中粒 80g,,一致,2026-09-08,WebSearch（Amazon商品ページの検索インデックス照合）。商品ページへの直接アクセスはネットワークegress制限によりBLOCKED
food-best10.html,B08XYJKX15,カメプロス 大スティック 60g（大型水棲ガメ向け）,OK,,https://www.amazon.co.jp/dp/B08XYJKX15/,1,data-asin（JSで/dp/へ展開）,キョーリン ひかり カメプロス 大スティック 60g,,一致,2026-09-08,WebSearch（Amazon商品ページの検索インデックス照合）。商品ページへの直接アクセスはネットワークegress制限によりBLOCKED
shelter-best10.html,B09129F675,コルクバーク（天然コルク製シェルター）,OK,,https://www.amazon.co.jp/dp/B09129F675/,1,data-asin（JSで/dp/へ展開）,コルクバーク（爬虫類・両生類用シェルター／登り木）,,一致,2026-09-08,WebSearch（Amazon商品ページの検索インデックス照合）。商品ページへの直接アクセスはネットワークegress制限によりBLOCKED
food-best10.html,B093CX3Z1K,テトラ レプトミン ニオイブロック 大粒 200g,OK,,https://www.amazon.co.jp/dp/B093CX3Z1K/,1,data-asin（JSで/dp/へ展開）,テトラ レプトミン ニオイブロック 大粒 200g,,一致,2026-09-08,WebSearch（Amazon商品ページの検索インデックス照合）。商品ページへの直接アクセスはネットワークegress制限によりBLOCKED
food-best10.html,B093CY2D93,レプトミンスーパー 大粒 280g,OK,,https://www.amazon.co.jp/dp/B093CY2D93/,1,data-asin（JSで/dp/へ展開）,テトラ レプトミン スーパー 大粒 280g,,一致,2026-09-08,WebSearch（Amazon商品ページの検索インデックス照合）。商品ページへの直接アクセスはネットワークegress制限によりBLOCKED
substrate-best10.html,B097MTYVRZ,ビバリア ウォールナッツサンドP 5.0kg（消臭砂）,OK,,https://www.amazon.co.jp/dp/B097MTYVRZ/,1,data-asin（JSで/dp/へ展開）,ビバリア ウォールナッツサンドP 5.0kg,,一致,2026-09-08,WebSearch（Amazon商品ページの検索インデックス照合）。商品ページへの直接アクセスはネットワークegress制限によりBLOCKED
substrate-best10.html,B09CLYQVYR,ウォールナッツサンド 1.5kg,OK,,https://www.amazon.co.jp/dp/B09CLYQVYR/,1,data-asin（JSで/dp/へ展開）,ビバリア RP-740P ウォールナッツサンドP 1.5kg,,一致,2026-09-08,WebSearch（Amazon商品ページの検索インデックス照合）。商品ページへの直接アクセスはネットワークegress制限によりBLOCKED
cage-review.html | data/products.js,B09DNYMXTP,SANKO パンテオン ブラック BK9045,OK,,https://www.amazon.co.jp/dp/B09DNYMXTP/,2,HTML内の直リンク / products.js（JSデータ） / products.js（affiliateUrl 等の直リンク）,三晃商会 SANKO パンテオン カノン ブラック BK9045,,一致（正式名に「カノン」が入る）,2026-09-08,WebSearch（Amazon商品ページの検索インデックス照合）。商品ページへの直接アクセスはネットワークegress制限によりBLOCKED
data/products.js,B09KLRGC1Y,INKBIRD 水温計（Bluetooth対応）,CAUTION,,https://www.amazon.co.jp/dp/B09KLRGC1Y/,1,products.js（JSデータ） / products.js（affiliateUrl 等の直リンク）,INKBIRD 水温計（Bluetooth・水槽用プローブ付）,在庫切れ,商品名は一致。現在購入不可,2026-09-08,WebSearch（Amazon商品ページの検索インデックス照合）。商品ページへの直接アクセスはネットワークegress制限によりBLOCKED
data/products.js,B09M2LVBYG,キョーリン マルベリックドライ 400g,OK,,https://www.amazon.co.jp/dp/B09M2LVBYG/,1,products.js（JSデータ） / products.js（affiliateUrl 等の直リンク）,キョーリン マルベリックドライ 400g,,一致,2026-09-08,WebSearch（Amazon商品ページの検索インデックス照合）。商品ページへの直接アクセスはネットワークegress制限によりBLOCKED
shelter-best10.html,B09QH9315W,木製 隠れ家シェルター（リクガメ・陸棲向け）,OK,,https://www.amazon.co.jp/dp/B09QH9315W/,1,data-asin（JSで/dp/へ展開）,木製シェルター（爬虫類・小動物用）,,一致（メーカー不明のノーブランド品）,2026-09-08,WebSearch（Amazon商品ページの検索インデックス照合）。商品ページへの直接アクセスはネットワークegress制限によりBLOCKED
water-filter-best10.html,B09SYVP95T,GEX コーナーパワーフィルター1（水中式・コーナー）,OK,,https://www.amazon.co.jp/dp/B09SYVP95T/,1,data-asin（JSで/dp/へ展開）,GEX AQUA FILTER コーナーパワーフィルター1 ブラック（適合水量25L以下）,,2026-09-08 差し替え。旧 B004X45G2Q は交換用インペラー部品だった,2026-09-08,WebSearch（Amazon商品ページの検索インデックス照合）。商品ページへの直接アクセスはネットワークegress制限によりBLOCKED
data/products.js,B09T96TPHJ,Arcadia T5 HO 6% UVB,OK,,https://www.amazon.co.jp/dp/B09T96TPHJ/,1,products.js（JSデータ） / products.js（affiliateUrl 等の直リンク）,Arcadia Pro T5 UVB Lighting Kit 24W Forest（6% UVB）,,一致,2026-09-08,WebSearch（Amazon商品ページの検索インデックス照合）。商品ページへの直接アクセスはネットワークegress制限によりBLOCKED
cage-best10.html,B09TF5S9FR,マリーナ ガラス水槽 MR600BKL-N LOW（低床水槽）,OK,,https://www.amazon.co.jp/dp/B09TF5S9FR/,1,data-asin（JSで/dp/へ展開）,GEX マリーナ MR600BKL-N ガラス水槽 LOW（60×30×26cm）,,一致,2026-09-08,WebSearch（Amazon商品ページの検索インデックス照合）。商品ページへの直接アクセスはネットワークegress制限によりBLOCKED
cage-best10.html | data/products.js,B09TF6B5P4,水槽 60cm規格,OK,,https://www.amazon.co.jp/dp/B09TF6B5P4/,2,data-asin（JSで/dp/へ展開） / products.js（JSデータ） / products.js（affiliateUrl 等の直リンク）,GEX マリーナ MR600BKST-N ガラス水槽（60×30×36cm）,,一致,2026-09-08,WebSearch（Amazon商品ページの検索インデックス照合）。商品ページへの直接アクセスはネットワークegress制限によりBLOCKED
data/products.js,B09VCJP5SK,非接触型赤外線温度計,OK,,https://www.amazon.co.jp/dp/B09VCJP5SK/,1,products.js（JSデータ） / products.js（affiliateUrl 等の直リンク）,非接触電子温度計（赤外線・0〜100℃）,,一致（メーカー不明のノーブランド品）,2026-09-08,WebSearch（Amazon商品ページの検索インデックス照合）。商品ページへの直接アクセスはネットワークegress制限によりBLOCKED
data/products.js,B09YYPLCV3,GEX EXOTERRA カルシウム+ビタミンD3 40g,OK,,https://www.amazon.co.jp/dp/B09YYPLCV3/,1,products.js（JSデータ） / products.js（affiliateUrl 等の直リンク）,GEX EXOTERRA カルシウム+ビタミンD3 40g PT1855,,一致,2026-09-08,WebSearch（allowed_domains=amazon.co.jp に絞りASINで検索。商品ページURLとタイトルを照合）
data/products.js,B0BDD1V7G5,カトルボーン（甲イカの骨）,OK,,https://www.amazon.co.jp/dp/B0BDD1V7G5/,1,products.js（JSデータ） / products.js（affiliateUrl 等の直リンク）,Biwingarden カトルボーン（ホルダー付き・爬虫類/カメ対応）,,一致,2026-09-08,WebSearch（allowed_domains=amazon.co.jp に絞りASINで検索。商品ページURLとタイトルを照合）
uvb-light-best10.html,B0BJV8CWRC,UVチェッカー（紫外線テストカード）,OK,,https://www.amazon.co.jp/dp/B0BJV8CWRC/,1,data-asin（JSで/dp/へ展開）,BluFied 紫外線 UVチェックカード（爬虫類用）,,一致,2026-09-08,WebSearch（allowed_domains=amazon.co.jp に絞りASINで検索。商品ページURLとタイトルを照合）
food-best10.html,B0BLM2HRB7,Mazuri トータスダイエット（リクガメ上級者向け）,OK,,https://www.amazon.co.jp/dp/B0BLM2HRB7/,1,data-asin（JSで/dp/へ展開）,Mazuri トータスダイエット 5M21 1000g,,一致（サイト表記に内容量なし）,2026-09-08,WebSearch（Amazon商品ページの検索インデックス照合）。商品ページへの直接アクセスはネットワークegress制限によりBLOCKED
data/products.js,B0BMKZGZQ1,セラミックヒートランプ 100W（夜間用）,OK,,https://www.amazon.co.jp/dp/B0BMKZGZQ1/,1,products.js（JSデータ） / products.js（affiliateUrl 等の直リンク）,SURD 爬虫類用 セラミックヒーター 100W 保温電球（カバー付き）,,一致,2026-09-08,WebSearch（allowed_domains=amazon.co.jp に絞りASINで検索。商品ページURLとタイトルを照合）
substrate-review.html,B0BN76YBM8,SMILE PET CLUB ヤシガラ 細目 2L,OK,,https://www.amazon.co.jp/dp/B0BN76YBM8/,1,HTML内の直リンク,SMILE PET CLUB ヤシガラ 爬虫類・両生類用 2L 細目,,一致,2026-09-08,WebSearch（allowed_domains=amazon.co.jp に絞りASINで検索。商品ページURLとタイトルを照合）
shelter-best10.html,B0BSND3GBP,ピタッとプレート（吸盤式エサ・水皿台）,OK,,https://www.amazon.co.jp/dp/B0BSND3GBP/,1,data-asin（JSで/dp/へ展開）,ビバリア RP-120 ピタッとプレート,在庫僅少,一致,2026-09-08,WebSearch（Amazon商品ページの検索インデックス照合）。商品ページへの直接アクセスはネットワークegress制限によりBLOCKED
food-best10.html,B0BY5WMMHG,レオパゲル 60g（拒食・餌付け用）,OK,,https://www.amazon.co.jp/dp/B0BY5WMMHG/,1,data-asin（JSで/dp/へ展開）,キョーリン レオパゲル 60g（フィーディングスプーン付）,,一致,2026-09-08,WebSearch（Amazon商品ページの検索インデックス照合）。商品ページへの直接アクセスはネットワークegress制限によりBLOCKED
data/products.js,B0CDLG5XF3,爬虫類飼育ケージ 120cm大型（スライドドア）,OK,,https://www.amazon.co.jp/dp/B0CDLG5XF3/,1,products.js（JSデータ） / products.js（affiliateUrl 等の直リンク）,Takimi 爬虫類ケージ 120×60×60cm スライドドア,,一致,2026-09-08,WebSearch（allowed_domains=amazon.co.jp に絞りASINで検索。商品ページURLとタイトルを照合）
data/products.js | substrate-best10.html,B0CJM4TL3Q,赤玉土（小粒）14L,OK,,https://www.amazon.co.jp/dp/B0CJM4TL3Q/,2,data-asin（JSで/dp/へ展開） / products.js（JSデータ） / products.js（affiliateUrl 等の直リンク）,赤玉土 小粒 14L（4〜6mm・天然乾燥・微塵抜き）,,一致,2026-09-08,WebSearch（allowed_domains=amazon.co.jp に絞りASINで検索。商品ページURLとタイトルを照合）
data/products.js | food-best10.html,B0CKBKF2ZH,キョーリン カメのごほうび 乾燥川エビ 12g×3個,OK,,https://www.amazon.co.jp/dp/B0CKBKF2ZH/,2,data-asin（JSで/dp/へ展開） / products.js（JSデータ） / products.js（affiliateUrl 等の直リンク）,キョーリン 飼育教材 乾燥川エビ カメのごほうび 12g×3個,,2026-09-08 修正済み。products.js の名称を「乾燥エビ（ひかりFD）」→「キョーリン カメのごほうび 乾燥川エビ 12g×3個」に是正（HTML側は元から正しい）,2026-09-08,WebSearch（allowed_domains=amazon.co.jp に絞りASINで検索。商品ページURLとタイトルを照合）
food-best10.html,B0CSD6VR97,カメプロス 沈下性 小ペレット 120g,OK,,https://www.amazon.co.jp/dp/B0CSD6VR97/,1,data-asin（JSで/dp/へ展開）,キョーリン カメプロス 沈下性 小ペレット 120g,,一致,2026-09-08,WebSearch（Amazon商品ページの検索インデックス照合）。商品ページへの直接アクセスはネットワークegress制限によりBLOCKED
substrate-best10.html,B0CSSLGH2C,万能ヤシガラマット 極細目 6L,CAUTION,,https://www.amazon.co.jp/dp/B0CSSLGH2C/,1,data-asin（JSで/dp/へ展開）,邑楽ファーム THEヤシガラパウダー 極細目 6L,,サイト表記「万能ヤシガラマット」は商品名が異なる,2026-09-08,WebSearch（Amazon商品ページの検索インデックス照合）。商品ページへの直接アクセスはネットワークegress制限によりBLOCKED
data/products.js,B0CZ42FLXM,INKBIRD WiFi温度計湿度計 IBS-TH3 PLUS,CAUTION,,https://www.amazon.co.jp/dp/B0CZ42FLXM/,1,products.js（JSデータ） / products.js（affiliateUrl 等の直リンク）,（未確定）,,2種類の検索語でも商品ページを取得できず。同名の INKBIRD IBS-TH3 PLUS の正規ページは B0BZVLB6R4 として実在を確認。本ASINは別バリアントか失効の可能性。Owner の実機確認が必要,2026-09-08,WebSearch（allowed_domains=amazon.co.jp に絞りASINで検索。商品ページURLとタイトルを照合）
dish-best10.html,B0D91YBQZR,セラミック製 餌入れ・水入れ 2個セット（ホワイト）,OK,,https://www.amazon.co.jp/dp/B0D91YBQZR/,1,data-asin（JSで/dp/へ展開）,Kisangel セラミック製 爬虫類用ボウル 2個セット ホワイト,,一致（ノーブランド寄りの海外品）,2026-09-08,WebSearch（Amazon商品ページの検索インデックス照合）。商品ページへの直接アクセスはネットワークegress制限によりBLOCKED
data/products.js | food-best10.html | guide-beginner.html | shindan/equipment.js | species/_template-monetized.html | species/hermann-dry-template.html,B0DF2SJMCJ,Rep-Cal リクガメフード 907g（ビバリア取扱）,OK,,https://www.amazon.co.jp/dp/B0DF2SJMCJ/,6,HTML内の直リンク / data-asin（JSで/dp/へ展開） / equipment.js（診断結果の推奨機材） / products.js（JSデータ） / products.js（affiliateUrl 等の直リンク）,ビバリア レプカル（Rep-Cal）リクガメフード 907g,,一致,2026-09-08,WebSearch（Amazon商品ページの検索インデックス照合）。商品ページへの直接アクセスはネットワークegress制限によりBLOCKED
food-best10.html,B0DH1Z6T3H,マズリ トータスダイエット 5M21 100g,OK,,https://www.amazon.co.jp/dp/B0DH1Z6T3H/,1,data-asin（JSで/dp/へ展開）,マズリ トータスダイエット 5M21 100g リクガメフード,,一致,2026-09-08,WebSearch（Amazon商品ページの検索インデックス照合）。商品ページへの直接アクセスはネットワークegress制限によりBLOCKED
food-best10.html,B0DXZW2XGT,マズリ トータスダイエット 5M21 600g（詰替）,OK,,https://www.amazon.co.jp/dp/B0DXZW2XGT/,1,data-asin（JSで/dp/へ展開）,SBS マズリ 5M21 トータスダイエットフード 600g（業務用からの詰替）,,一致,2026-09-08,WebSearch（Amazon商品ページの検索インデックス照合）。商品ページへの直接アクセスはネットワークegress制限によりBLOCKED
data/products.js | food-best10.html,B0F31WW4Q2,レプトミン（テトラ）,OK,,https://www.amazon.co.jp/dp/B0F31WW4Q2/,2,data-asin（JSで/dp/へ展開） / products.js（JSデータ） / products.js（affiliateUrl 等の直リンク）,テトラ レプトミン 大粒 200g,,一致（サイト表記に粒サイズ・内容量なし）,2026-09-08,WebSearch（Amazon商品ページの検索インデックス照合）。商品ページへの直接アクセスはネットワークegress制限によりBLOCKED
data/products.js | food-best10.html,B0F6JWRMSL,レップカル ハコガメフード 340g（ビバリア取扱）,OK,,https://www.amazon.co.jp/dp/B0F6JWRMSL/,2,data-asin（JSで/dp/へ展開） / products.js（JSデータ） / products.js（affiliateUrl 等の直リンク）,ビバリア レップカル ハコガメフード 340g,,2026-09-08 修正済み。「シータートルフード」→「ハコガメフード」に是正。楽天検索語も修正,2026-09-08,WebSearch（Amazon商品ページの検索インデックス照合）。商品ページへの直接アクセスはネットワークegress制限によりBLOCKED
